{
  "parent": "item/generated",
  "texture_size": [32, 32],
  "textures": {
    "particle": "item/chiko_bread",
    "1_0": "item/chiko_bread"
  },
  "elements": [
    {
      "from": [1, 12, 7],
      "to": [15, 13, 9],
      "rotation": { "angle": 0, "axis": "y", "origin": [3, 0, 0] },
      "faces": {
        "north": { "uv": [7, 6.25, 10.5, 6.5], "texture": "#1_0" },
        "east": { "uv": [4, 7.75, 4.5, 8], "texture": "#1_0" },
        "south": { "uv": [7, 6.5, 10.5, 6.75], "texture": "#1_0" },
        "west": { "uv": [4.5, 7.75, 5, 8], "texture": "#1_0" },
        "up": { "uv": [3.5, 6.5, 0, 6], "texture": "#1_0" },
        "down": { "uv": [7, 6, 3.5, 6.5], "texture": "#1_0" }
      }
    },
    {
      "from": [3, 1, 7],
      "to": [13, 2, 9],
      "rotation": { "angle": 0, "axis": "y", "origin": [3, 0, 0] },
      "faces": {
        "north": { "uv": [7.5, 1, 10, 1.25], "texture": "#1_0" },
        "east": { "uv": [1, 7.5, 1.5, 7.75], "texture": "#1_0" },
        "south": { "uv": [7.5, 1.25, 10, 1.5], "texture": "#1_0" },
        "west": { "uv": [1.5, 7.5, 2, 7.75], "texture": "#1_0" },
        "up": { "uv": [3, 1.5, 0.5, 1], "texture": "#1_0" },
        "down": { "uv": [3, 1.5, 0.5, 2], "texture": "#1_0" }
      }
    },
    {
      "from": [2, 2, 7],
      "to": [14, 3, 9],
      "rotation": { "angle": 0, "axis": "y", "origin": [3, 0, 0] },
      "faces": {
        "north": { "uv": [7.25, 1.5, 10.25, 1.75], "texture": "#1_0" },
        "east": { "uv": [2, 7.5, 2.5, 7.75], "texture": "#1_0" },
        "south": { "uv": [7.25, 1.75, 10.25, 2], "texture": "#1_0" },
        "west": { "uv": [2.5, 7.5, 3, 7.75], "texture": "#1_0" },
        "up": { "uv": [3.25, 2.5, 0.25, 2], "texture": "#1_0" },
        "down": { "uv": [3.25, 2.5, 0.25, 3], "texture": "#1_0" }
      }
    },
    {
      "from": [3, 14, 7],
      "to": [5, 15, 9],
      "rotation": { "angle": 0, "axis": "y", "origin": [4, 0, 0] },
      "faces": {
        "north": { "uv": [6, 7.25, 6.75, 7.5], "texture": "#1_0" },
        "east": { "uv": [6, 7.75, 6.5, 8], "texture": "#1_0" },
        "south": { "uv": [7.25, 7.25, 8, 7.5], "texture": "#1_0" },
        "west": { "uv": [6.5, 7.75, 7, 8], "texture": "#1_0" },
        "up": { "uv": [3.25, 7.5, 2.5, 7], "texture": "#1_0" },
        "down": { "uv": [10.25, 0, 9.5, 0.5], "texture": "#1_0" }
      }
    },
    {
      "from": [4, 0, 7],
      "to": [12, 1, 9],
      "rotation": { "angle": 0, "axis": "y", "origin": [3, 0, 0] },
      "faces": {
        "north": { "uv": [7.75, 0.5, 9.75, 0.75], "texture": "#1_0" },
        "east": { "uv": [0, 7.5, 0.5, 7.75], "texture": "#1_0" },
        "south": { "uv": [7.75, 0.75, 9.75, 1], "texture": "#1_0" },
        "west": { "uv": [0.5, 7.5, 1, 7.75], "texture": "#1_0" },
        "up": { "uv": [2.75, 0.5, 0.75, 0], "texture": "#1_0" },
        "down": { "uv": [2.75, 0.5, 0.75, 1], "texture": "#1_0" }
      }
    },
    {
      "from": [1, 3, 7],
      "to": [15, 4, 9],
      "rotation": { "angle": 0, "axis": "y", "origin": [3, 0, 0] },
      "faces": {
        "north": { "uv": [7, 2, 10.5, 2.25], "texture": "#1_0" },
        "east": { "uv": [3, 7.5, 3.5, 7.75], "texture": "#1_0" },
        "south": { "uv": [7, 2.25, 10.5, 2.5], "texture": "#1_0" },
        "west": { "uv": [3.5, 7.5, 4, 7.75], "texture": "#1_0" },
        "up": { "uv": [3.5, 3.5, 0, 3], "texture": "#1_0" },
        "down": { "uv": [3.5, 3.5, 0, 4], "texture": "#1_0" }
      }
    },
    {
      "from": [1, 4, 7],
      "to": [15, 5, 9],
      "rotation": { "angle": 0, "axis": "y", "origin": [3, 0, 0] },
      "faces": {
        "north": { "uv": [7, 2.5, 10.5, 2.75], "texture": "#1_0" },
        "east": { "uv": [4, 7.5, 4.5, 7.75], "texture": "#1_0" },
        "south": { "uv": [7, 2.75, 10.5, 3], "texture": "#1_0" },
        "west": { "uv": [4.5, 7.5, 5, 7.75], "texture": "#1_0" },
        "up": { "uv": [7, 0.5, 3.5, 0], "texture": "#1_0" },
        "down": { "uv": [7, 0.5, 3.5, 1], "texture": "#1_0" }
      }
    },
    {
      "from": [1, 5, 7],
      "to": [15, 6, 9],
      "rotation": { "angle": 0, "axis": "y", "origin": [3, 0, 0] },
      "faces": {
        "north": { "uv": [7, 3, 10.5, 3.25], "texture": "#1_0" },
        "east": { "uv": [5, 7.5, 5.5, 7.75], "texture": "#1_0" },
        "south": { "uv": [7, 3.25, 10.5, 3.5], "texture": "#1_0" },
        "west": { "uv": [5.5, 7.5, 6, 7.75], "texture": "#1_0" },
        "up": { "uv": [7, 1.5, 3.5, 1], "texture": "#1_0" },
        "down": { "uv": [7, 1.5, 3.5, 2], "texture": "#1_0" }
      }
    },
    {
      "from": [1, 6, 7],
      "to": [15, 7, 9],
      "rotation": { "angle": 0, "axis": "y", "origin": [3, 0, 0] },
      "faces": {
        "north": { "uv": [3.5, 7, 7, 7.25], "texture": "#1_0" },
        "east": { "uv": [6, 7.5, 6.5, 7.75], "texture": "#1_0" },
        "south": { "uv": [7, 3.5, 10.5, 3.75], "texture": "#1_0" },
        "west": { "uv": [6.5, 7.5, 7, 7.75], "texture": "#1_0" },
        "up": { "uv": [7, 2.5, 3.5, 2], "texture": "#1_0" },
        "down": { "uv": [7, 2.5, 3.5, 3], "texture": "#1_0" }
      }
    },
    {
      "from": [2, 7, 7],
      "to": [14, 8, 9],
      "rotation": { "angle": 0, "axis": "y", "origin": [3, 0, 0] },
      "faces": {
        "north": { "uv": [7, 3.75, 10.5, 4], "texture": "#1_0" },
        "east": { "uv": [7, 7.5, 7.5, 7.75], "texture": "#1_0" },
        "south": { "uv": [7, 4, 10.5, 4.25], "texture": "#1_0" },
        "west": { "uv": [7.5, 7.5, 8, 7.75], "texture": "#1_0" },
        "up": { "uv": [7, 3.5, 3.5, 3], "texture": "#1_0" },
        "down": { "uv": [7, 3.5, 3.5, 4], "texture": "#1_0" }
      }
    },
    {
      "from": [2, 8, 7],
      "to": [14, 9, 9],
      "rotation": { "angle": 0, "axis": "y", "origin": [3, 0, 0] },
      "faces": {
        "north": { "uv": [7, 4.25, 10.5, 4.5], "texture": "#1_0" },
        "east": { "uv": [0, 7.75, 0.5, 8], "texture": "#1_0" },
        "south": { "uv": [7, 4.5, 10.5, 4.75], "texture": "#1_0" },
        "west": { "uv": [0.5, 7.75, 1, 8], "texture": "#1_0" },
        "up": { "uv": [3.5, 4.5, 0, 4], "texture": "#1_0" },
        "down": { "uv": [7, 4, 3.5, 4.5], "texture": "#1_0" }
      }
    },
    {
      "from": [2, 9, 7],
      "to": [14, 10, 9],
      "rotation": { "angle": 0, "axis": "y", "origin": [3, 0, 0] },
      "faces": {
        "north": { "uv": [7, 4.75, 10.5, 5], "texture": "#1_0" },
        "east": { "uv": [1, 7.75, 1.5, 8], "texture": "#1_0" },
        "south": { "uv": [7, 5, 10.5, 5.25], "texture": "#1_0" },
        "west": { "uv": [1.5, 7.75, 2, 8], "texture": "#1_0" },
        "up": { "uv": [3.5, 5, 0, 4.5], "texture": "#1_0" },
        "down": { "uv": [7, 4.5, 3.5, 5], "texture": "#1_0" }
      }
    },
    {
      "from": [2, 10, 7],
      "to": [14, 11, 9],
      "rotation": { "angle": 0, "axis": "y", "origin": [3, 0, 0] },
      "faces": {
        "north": { "uv": [7, 5.25, 10.5, 5.5], "texture": "#1_0" },
        "east": { "uv": [2, 7.75, 2.5, 8], "texture": "#1_0" },
        "south": { "uv": [7, 5.5, 10.5, 5.75], "texture": "#1_0" },
        "west": { "uv": [2.5, 7.75, 3, 8], "texture": "#1_0" },
        "up": { "uv": [3.5, 5.5, 0, 5], "texture": "#1_0" },
        "down": { "uv": [7, 5, 3.5, 5.5], "texture": "#1_0" }
      }
    },
    {
      "from": [1, 11, 7],
      "to": [15, 12, 9],
      "rotation": { "angle": 0, "axis": "y", "origin": [3, 0, 0] },
      "faces": {
        "north": { "uv": [7, 5.75, 10.5, 6], "texture": "#1_0" },
        "east": { "uv": [3, 7.75, 3.5, 8], "texture": "#1_0" },
        "south": { "uv": [7, 6, 10.5, 6.25], "texture": "#1_0" },
        "west": { "uv": [3.5, 7.75, 4, 8], "texture": "#1_0" },
        "up": { "uv": [3.5, 6, 0, 5.5], "texture": "#1_0" },
        "down": { "uv": [7, 5.5, 3.5, 6], "texture": "#1_0" }
      }
    },
    {
      "from": [11, 14, 7],
      "to": [13, 14, 9],
      "rotation": { "angle": 0, "axis": "y", "origin": [2, 0, 0] },
      "faces": {
        "north": { "uv": [3.75, 7.5, 4.5, 7.5], "texture": "#1_0" },
        "east": { "uv": [6, 8, 6.5, 8], "texture": "#1_0" },
        "south": { "uv": [9.5, 7.5, 10.25, 7.5], "texture": "#1_0" },
        "west": { "uv": [6.5, 8, 7, 8], "texture": "#1_0" },
        "up": { "uv": [1, 7.5, 0.25, 7], "texture": "#1_0" },
        "down": { "uv": [8, 0, 7.25, 0.5], "texture": "#1_0" }
      }
    },
    {
      "from": [11, 14, 7],
      "to": [13, 15, 9],
      "rotation": { "angle": 0, "axis": "y", "origin": [2, 0, 0] },
      "faces": {
        "north": { "uv": [3.75, 7.25, 4.5, 7.5], "texture": "#1_0" },
        "east": { "uv": [6, 7.75, 6.5, 8], "texture": "#1_0" },
        "south": { "uv": [9.5, 7.25, 10.25, 7.5], "texture": "#1_0" },
        "west": { "uv": [6.5, 7.75, 7, 8], "texture": "#1_0" },
        "up": { "uv": [1, 7.5, 0.25, 7], "texture": "#1_0" },
        "down": { "uv": [8, 0, 7.25, 0.5], "texture": "#1_0" }
      }
    },
    {
      "from": [2, 13, 7],
      "to": [14, 14, 9],
      "rotation": { "angle": 0, "axis": "y", "origin": [3, 0, 0] },
      "faces": {
        "north": { "uv": [7.25, 6.75, 10.25, 7], "texture": "#1_0" },
        "east": { "uv": [5, 7.75, 5.5, 8], "texture": "#1_0" },
        "south": { "uv": [7.25, 7, 10.25, 7.25], "texture": "#1_0" },
        "west": { "uv": [5.5, 7.75, 6, 8], "texture": "#1_0" },
        "up": { "uv": [3.25, 7, 0.25, 6.5], "texture": "#1_0" },
        "down": { "uv": [6.75, 6.5, 3.75, 7], "texture": "#1_0" }
      }
    }
  ],
  "display": {
    "thirdperson_righthand": {
      "translation": [-2, 4.75, 0],
      "scale": [0.7, 0.7, 0.7]
    }
  },
  "groups": [
    {
      "name": "chiko_bread",
      "origin": [8, 8, 8],
      "color": 0,
      "children": [0, 1, 2, 3, 4, 5, 6, 7, 8, 9, 10, 11, 12, 13, 14, 15, 16]
    }
  ]
}
