{
  "parent": "item/generated",
  "texture_size": [32, 32],
  "textures": {
    "particle": "item/chiko_stick",
    "1_1": "item/chiko_stick"
  },
  "elements": [
    {
      "from": [7, 0, 7],
      "to": [9, 17, 9],
      "rotation": { "angle": 0, "axis": "y", "origin": [7, 0, 7] },
      "faces": {
        "north": { "uv": [0, 0, 1, 8], "texture": "#1_1" },
        "east": { "uv": [1, 0, 2, 8], "texture": "#1_1" },
        "south": { "uv": [2, 0, 3, 8], "texture": "#1_1" },
        "west": { "uv": [3, 0, 4, 8], "texture": "#1_1" },
        "up": { "uv": [13, 7, 12, 6], "texture": "#1_1" },
        "down": { "uv": [8, 12, 7, 13], "texture": "#1_1" }
      }
    },
    {
      "from": [8, 15, 6],
      "to": [12, 19, 8],
      "rotation": { "angle": 0, "axis": "y", "origin": [11, 15, 7] },
      "faces": {
        "north": { "uv": [7, 1.5, 9, 3.5], "texture": "#1_1" },
        "east": { "uv": [0, 10, 1, 12], "texture": "#1_1" },
        "south": { "uv": [7, 3.5, 9, 5.5], "texture": "#1_1" },
        "west": { "uv": [1, 10, 2, 12], "texture": "#1_1" },
        "up": { "uv": [12, 1, 10, 0], "texture": "#1_1" },
        "down": { "uv": [4, 10, 2, 11], "texture": "#1_1" }
      }
    },
    {
      "from": [2, 14, 6],
      "to": [7, 17, 8],
      "rotation": { "angle": 0, "axis": "y", "origin": [5, 14, 6] },
      "faces": {
        "north": { "uv": [4, 6, 7, 7.5], "texture": "#1_1" },
        "east": { "uv": [12, 3, 13, 4.5], "texture": "#1_1" },
        "south": { "uv": [7, 0, 10, 1.5], "texture": "#1_1" },
        "west": { "uv": [12, 4.5, 13, 6], "texture": "#1_1" },
        "up": { "uv": [12, 6.5, 9, 5.5], "texture": "#1_1" },
        "down": { "uv": [12, 6.5, 9, 7.5], "texture": "#1_1" }
      }
    },
    {
      "from": [8, 15, 8],
      "to": [12, 19, 10],
      "rotation": { "angle": 0, "axis": "y", "origin": [10, 15, 8] },
      "faces": {
        "north": { "uv": [6, 7.5, 8, 9.5], "texture": "#1_1" },
        "east": { "uv": [11, 9.5, 12, 11.5], "texture": "#1_1" },
        "south": { "uv": [0, 8, 2, 10], "texture": "#1_1" },
        "west": { "uv": [4, 11.5, 5, 13.5], "texture": "#1_1" },
        "up": { "uv": [7, 12.5, 5, 11.5], "texture": "#1_1" },
        "down": { "uv": [13, 11.5, 11, 12.5], "texture": "#1_1" }
      }
    },
    {
      "from": [10, 17, 7],
      "to": [13, 20, 9],
      "rotation": { "angle": 0, "axis": "y", "origin": [12, 17, 7] },
      "faces": {
        "north": { "uv": [7, 5.5, 9, 7.5], "texture": "#1_1" },
        "east": { "uv": [2, 11, 3, 13], "texture": "#1_1" },
        "south": { "uv": [4, 7.5, 6, 9.5], "texture": "#1_1" },
        "west": { "uv": [3, 11, 4, 13], "texture": "#1_1" },
        "up": { "uv": [9, 12, 7, 11], "texture": "#1_1" },
        "down": { "uv": [11, 11, 9, 12], "texture": "#1_1" }
      }
    },
    {
      "from": [3, 17, 7],
      "to": [7, 18, 9],
      "rotation": { "angle": 0, "axis": "y", "origin": [5, 14, 7] },
      "faces": {
        "north": { "uv": [10, 1, 12, 1.5], "texture": "#1_1" },
        "east": { "uv": [12, 7.5, 13, 8], "texture": "#1_1" },
        "south": { "uv": [12, 7, 14, 7.5], "texture": "#1_1" },
        "west": { "uv": [8, 12, 9, 12.5], "texture": "#1_1" },
        "up": { "uv": [12, 8.5, 10, 7.5], "texture": "#1_1" },
        "down": { "uv": [12, 8.5, 10, 9.5], "texture": "#1_1" }
      }
    },
    {
      "from": [2, 14, 8],
      "to": [7, 17, 10],
      "rotation": { "angle": 0, "axis": "y", "origin": [5, 14, 8] },
      "faces": {
        "north": { "uv": [4, 3, 7, 4.5], "texture": "#1_1" },
        "east": { "uv": [1, 12, 2, 13.5], "texture": "#1_1" },
        "south": { "uv": [4, 4.5, 7, 6], "texture": "#1_1" },
        "west": { "uv": [12, 1.5, 13, 3], "texture": "#1_1" },
        "up": { "uv": [12, 4.5, 9, 3.5], "texture": "#1_1" },
        "down": { "uv": [12, 4.5, 9, 5.5], "texture": "#1_1" }
      }
    }
  ],
  "display": {
    "thirdperson_righthand": {
      "translation": [0, 4, 0]
    },
    "ground": {
      "rotation": [38, 26, 0],
      "translation": [0, 2, 0],
      "scale": [0.75, 0.75, 0.75]
    },
    "gui": {
      "translation": [0, -1.75, 0],
      "scale": [0.65, 0.65, 0.65]
    }
  },
  "groups": [
    {
      "name": "chiko_stick",
      "origin": [8, 8, 8],
      "color": 0,
      "children": [0, 1, 2, 3, 4, 5, 6]
    }
  ]
}
