{
  "parent": "item/generated",
  "texture_size": [32, 32],
  "textures": {
    "0": "item/ezpia",
    "particle": "item/ezpia"
  },
  "elements": [
    {
      "from": [9, 3, 7],
      "to": [10, 5, 8],
      "rotation": { "angle": 0, "axis": "z", "origin": [0, 2, 0] },
      "faces": {
        "north": { "uv": [9, 12.5, 9.5, 13], "texture": "#0" },
        "east": { "uv": [10, 11.5, 11, 12], "texture": "#0" },
        "south": { "uv": [12.5, 9, 13, 9.5], "texture": "#0" },
        "west": { "uv": [11, 11.5, 12, 12], "texture": "#0" },
        "up": { "uv": [0.5, 13, 0, 12], "texture": "#0" },
        "down": { "uv": [1, 12, 0.5, 13], "texture": "#0" }
      }
    },
    {
      "from": [0, 0, 7],
      "to": [2, 1, 8],
      "faces": {
        "north": { "uv": [4, 11.5, 5, 12], "texture": "#0" },
        "east": { "uv": [5, 11.5, 6, 12], "texture": "#0" },
        "south": { "uv": [6, 11.5, 7, 12], "texture": "#0" },
        "west": { "uv": [7, 11.5, 8, 12], "texture": "#0" },
        "up": { "uv": [11, 3.5, 10, 2.5], "texture": "#0" },
        "down": { "uv": [4.5, 10, 3.5, 11], "texture": "#0" }
      }
    },
    {
      "from": [0, 1, 7],
      "to": [3, 2, 8],
      "faces": {
        "north": { "uv": [1, 10.5, 2.5, 11], "texture": "#0" },
        "east": { "uv": [4.5, 10, 5, 10.5], "texture": "#0" },
        "south": { "uv": [8.5, 10.5, 10, 11], "texture": "#0" },
        "west": { "uv": [8, 12.5, 8.5, 13], "texture": "#0" },
        "up": { "uv": [2.5, 11.5, 1, 11], "texture": "#0" },
        "down": { "uv": [4, 11, 2.5, 11.5], "texture": "#0" }
      }
    },
    {
      "from": [0, 1, 8],
      "to": [3, 2, 8],
      "rotation": { "angle": 0, "axis": "z", "origin": [-1, 0, 0] },
      "faces": {
        "north": { "uv": [11, 2.5, 12.5, 3], "texture": "#0" },
        "east": { "uv": [12.5, 8, 13, 8.5], "texture": "#0" },
        "south": { "uv": [11, 3, 12.5, 3.5], "texture": "#0" },
        "west": { "uv": [8.5, 12.5, 9, 13], "texture": "#0" },
        "up": { "uv": [5.5, 11.5, 4, 11], "texture": "#0" },
        "down": { "uv": [7, 11, 5.5, 11.5], "texture": "#0" }
      }
    },
    {
      "from": [0, 3, 7],
      "to": [10, 3, 7],
      "faces": {
        "north": { "uv": [0, 0, 5, 0], "texture": "#0" },
        "east": { "uv": [0, 0, 0, 0], "texture": "#0" },
        "south": { "uv": [0, 0, 5, 0], "texture": "#0" },
        "west": { "uv": [0, 0, 0, 0], "texture": "#0" },
        "up": { "uv": [5, 0, 0, 0], "texture": "#0" },
        "down": { "uv": [5, 0, 0, 0], "texture": "#0" }
      }
    },
    {
      "from": [1, 2, 7],
      "to": [4, 3, 8],
      "faces": {
        "north": { "uv": [7, 11, 8.5, 11.5], "texture": "#0" },
        "east": { "uv": [11.5, 9, 12.5, 9.5], "texture": "#0" },
        "south": { "uv": [11, 8, 12.5, 8.5], "texture": "#0" },
        "west": { "uv": [11.5, 9.5, 12.5, 10], "texture": "#0" },
        "up": { "uv": [10, 1, 8.5, 0], "texture": "#0" },
        "down": { "uv": [10, 1, 8.5, 2], "texture": "#0" }
      }
    },
    {
      "from": [2, 3, 7],
      "to": [5, 4, 8],
      "faces": {
        "north": { "uv": [8.5, 11, 10, 11.5], "texture": "#0" },
        "east": { "uv": [11.5, 11, 12.5, 11.5], "texture": "#0" },
        "south": { "uv": [10, 11, 11.5, 11.5], "texture": "#0" },
        "west": { "uv": [1, 12, 2, 12.5], "texture": "#0" },
        "up": { "uv": [10, 3, 8.5, 2], "texture": "#0" },
        "down": { "uv": [10, 3, 8.5, 4], "texture": "#0" }
      }
    },
    {
      "from": [7, 3, 7],
      "to": [9, 4, 8],
      "faces": {
        "north": { "uv": [10, 3.5, 12, 4], "texture": "#0" },
        "east": { "uv": [2, 12, 3, 12.5], "texture": "#0" },
        "south": { "uv": [6, 10, 8, 10.5], "texture": "#0" },
        "west": { "uv": [3, 12, 4, 12.5], "texture": "#0" },
        "up": { "uv": [9.5, 5, 7.5, 4], "texture": "#0" },
        "down": { "uv": [9.5, 5, 7.5, 6], "texture": "#0" }
      }
    },
    {
      "from": [3, 4, 7],
      "to": [8, 5, 8],
      "faces": {
        "north": { "uv": [4, 8.5, 7, 9], "texture": "#0" },
        "east": { "uv": [12, 3.5, 13, 4], "texture": "#0" },
        "south": { "uv": [7, 8.5, 10, 9], "texture": "#0" },
        "west": { "uv": [4, 12, 5, 12.5], "texture": "#0" },
        "up": { "uv": [3, 3, 0, 2], "texture": "#0" },
        "down": { "uv": [3, 3, 0, 4], "texture": "#0" }
      }
    },
    {
      "from": [4, 5, 7],
      "to": [8, 6, 8],
      "faces": {
        "north": { "uv": [8, 10, 10, 10.5], "texture": "#0" },
        "east": { "uv": [12, 4, 13, 4.5], "texture": "#0" },
        "south": { "uv": [10, 8.5, 12, 9], "texture": "#0" },
        "west": { "uv": [12, 4.5, 13, 5], "texture": "#0" },
        "up": { "uv": [9.5, 7, 7.5, 6], "texture": "#0" },
        "down": { "uv": [9.5, 7, 7.5, 8], "texture": "#0" }
      }
    },
    {
      "from": [4, 6, 7],
      "to": [9, 7, 8],
      "faces": {
        "north": { "uv": [0, 9, 3, 9.5], "texture": "#0" },
        "east": { "uv": [5, 12, 6, 12.5], "texture": "#0" },
        "south": { "uv": [3, 9, 6, 9.5], "texture": "#0" },
        "west": { "uv": [12, 5, 13, 5.5], "texture": "#0" },
        "up": { "uv": [6, 3, 3, 2], "texture": "#0" },
        "down": { "uv": [6, 3, 3, 4], "texture": "#0" }
      }
    },
    {
      "from": [3, 7, 7],
      "to": [10, 8, 8],
      "faces": {
        "north": { "uv": [4, 8, 7.5, 8.5], "texture": "#0" },
        "east": { "uv": [12, 5.5, 13, 6], "texture": "#0" },
        "south": { "uv": [7.5, 8, 11, 8.5], "texture": "#0" },
        "west": { "uv": [6, 12, 7, 12.5], "texture": "#0" },
        "up": { "uv": [3.5, 1, 0, 0], "texture": "#0" },
        "down": { "uv": [3.5, 1, 0, 2], "texture": "#0" }
      }
    },
    {
      "from": [2, 8, 7],
      "to": [4, 9, 8],
      "rotation": { "angle": 0, "axis": "z", "origin": [-1, 0, 0] },
      "faces": {
        "north": { "uv": [11, 10, 12.5, 10.5], "texture": "#0" },
        "east": { "uv": [12, 6, 13, 6.5], "texture": "#0" },
        "south": { "uv": [11, 10.5, 12.5, 11], "texture": "#0" },
        "west": { "uv": [12, 6.5, 13, 7], "texture": "#0" },
        "up": { "uv": [7.5, 10, 6, 9], "texture": "#0" },
        "down": { "uv": [9, 9, 7.5, 10], "texture": "#0" }
      }
    },
    {
      "from": [6, 8, 7],
      "to": [11, 9, 8],
      "faces": {
        "north": { "uv": [9, 9, 11.5, 9.5], "texture": "#0" },
        "east": { "uv": [7, 12, 8, 12.5], "texture": "#0" },
        "south": { "uv": [0, 9.5, 2.5, 10], "texture": "#0" },
        "west": { "uv": [12, 7, 13, 7.5], "texture": "#0" },
        "up": { "uv": [6, 1, 3.5, 0], "texture": "#0" },
        "down": { "uv": [6, 1, 3.5, 2], "texture": "#0" }
      }
    },
    {
      "from": [3, 9, 7],
      "to": [5, 10, 8],
      "rotation": { "angle": 0, "axis": "y", "origin": [-1, 0, 0] },
      "faces": {
        "north": { "uv": [12, 7.5, 13, 8], "texture": "#0" },
        "east": { "uv": [8, 12, 9, 12.5], "texture": "#0" },
        "south": { "uv": [12, 8.5, 13, 9], "texture": "#0" },
        "west": { "uv": [9, 12, 10, 12.5], "texture": "#0" },
        "up": { "uv": [11, 11, 10, 10], "texture": "#0" },
        "down": { "uv": [1, 10.5, 0, 11.5], "texture": "#0" }
      }
    },
    {
      "from": [7, 9, 7],
      "to": [12, 10, 8],
      "faces": {
        "north": { "uv": [2.5, 9.5, 5, 10], "texture": "#0" },
        "east": { "uv": [10, 12, 11, 12.5], "texture": "#0" },
        "south": { "uv": [9.5, 4, 12, 4.5], "texture": "#0" },
        "west": { "uv": [11, 12, 12, 12.5], "texture": "#0" },
        "up": { "uv": [2.5, 5, 0, 4], "texture": "#0" },
        "down": { "uv": [5, 4, 2.5, 5], "texture": "#0" }
      }
    },
    {
      "from": [8, 10, 7],
      "to": [13, 11, 8],
      "faces": {
        "north": { "uv": [9.5, 4.5, 12, 5], "texture": "#0" },
        "east": { "uv": [12, 11.5, 13, 12], "texture": "#0" },
        "south": { "uv": [9.5, 5, 12, 5.5], "texture": "#0" },
        "west": { "uv": [12, 12, 13, 12.5], "texture": "#0" },
        "up": { "uv": [2.5, 6, 0, 5], "texture": "#0" },
        "down": { "uv": [5, 5, 2.5, 6], "texture": "#0" }
      }
    },
    {
      "from": [9, 11, 7],
      "to": [14, 12, 8],
      "faces": {
        "north": { "uv": [9.5, 5.5, 12, 6], "texture": "#0" },
        "east": { "uv": [12.5, 0, 13.5, 0.5], "texture": "#0" },
        "south": { "uv": [9.5, 6, 12, 6.5], "texture": "#0" },
        "west": { "uv": [12.5, 0.5, 13.5, 1], "texture": "#0" },
        "up": { "uv": [7.5, 5, 5, 4], "texture": "#0" },
        "down": { "uv": [7.5, 5, 5, 6], "texture": "#0" }
      }
    },
    {
      "from": [10, 12, 7],
      "to": [15, 13, 8],
      "faces": {
        "north": { "uv": [9.5, 6.5, 12, 7], "texture": "#0" },
        "east": { "uv": [1, 12.5, 2, 13], "texture": "#0" },
        "south": { "uv": [9.5, 7, 12, 7.5], "texture": "#0" },
        "west": { "uv": [12.5, 1, 13.5, 1.5], "texture": "#0" },
        "up": { "uv": [2.5, 7, 0, 6], "texture": "#0" },
        "down": { "uv": [8.5, 0, 6, 1], "texture": "#0" }
      }
    },
    {
      "from": [11, 13, 7],
      "to": [16, 14, 8],
      "faces": {
        "north": { "uv": [9.5, 7.5, 12, 8], "texture": "#0" },
        "east": { "uv": [12.5, 1.5, 13.5, 2], "texture": "#0" },
        "south": { "uv": [9, 9.5, 11.5, 10], "texture": "#0" },
        "west": { "uv": [2, 12.5, 3, 13], "texture": "#0" },
        "up": { "uv": [8.5, 2, 6, 1], "texture": "#0" },
        "down": { "uv": [8.5, 2, 6, 3], "texture": "#0" }
      }
    },
    {
      "from": [12, 14, 7],
      "to": [17, 15, 8],
      "rotation": { "angle": 0, "axis": "z", "origin": [1, 0, 0] },
      "faces": {
        "north": { "uv": [0, 10, 2.5, 10.5], "texture": "#0" },
        "east": { "uv": [12.5, 2, 13.5, 2.5], "texture": "#0" },
        "south": { "uv": [10, 0, 12.5, 0.5], "texture": "#0" },
        "west": { "uv": [12.5, 2.5, 13.5, 3], "texture": "#0" },
        "up": { "uv": [5, 7, 2.5, 6], "texture": "#0" },
        "down": { "uv": [8.5, 3, 6, 4], "texture": "#0" }
      }
    },
    {
      "from": [13, 15, 7],
      "to": [18, 16, 8],
      "faces": {
        "north": { "uv": [10, 0.5, 12.5, 1], "texture": "#0" },
        "east": { "uv": [3, 12.5, 4, 13], "texture": "#0" },
        "south": { "uv": [10, 1, 12.5, 1.5], "texture": "#0" },
        "west": { "uv": [12.5, 3, 13.5, 3.5], "texture": "#0" },
        "up": { "uv": [7.5, 7, 5, 6], "texture": "#0" },
        "down": { "uv": [2.5, 7, 0, 8], "texture": "#0" }
      }
    },
    {
      "from": [14, 16, 7],
      "to": [19, 17, 8],
      "rotation": { "angle": 0, "axis": "z", "origin": [1, 1, 0] },
      "faces": {
        "north": { "uv": [10, 1.5, 12.5, 2], "texture": "#0" },
        "east": { "uv": [4, 12.5, 5, 13], "texture": "#0" },
        "south": { "uv": [10, 2, 12.5, 2.5], "texture": "#0" },
        "west": { "uv": [5, 12.5, 6, 13], "texture": "#0" },
        "up": { "uv": [5, 8, 2.5, 7], "texture": "#0" },
        "down": { "uv": [7.5, 7, 5, 8], "texture": "#0" }
      }
    },
    {
      "from": [15, 17, 7],
      "to": [20, 18, 8],
      "rotation": { "angle": 0, "axis": "z", "origin": [1, 2, 0] },
      "faces": {
        "north": { "uv": [4.5, 10.5, 6.5, 11], "texture": "#0" },
        "east": { "uv": [6, 12.5, 7, 13], "texture": "#0" },
        "south": { "uv": [6.5, 10.5, 8.5, 11], "texture": "#0" },
        "west": { "uv": [7, 12.5, 8, 13], "texture": "#0" },
        "up": { "uv": [2, 9, 0, 8], "texture": "#0" },
        "down": { "uv": [4, 8, 2, 9], "texture": "#0" }
      }
    },
    {
      "from": [16, 18, 7],
      "to": [21, 19, 8],
      "rotation": { "angle": 0, "axis": "z", "origin": [1, 3, 0] },
      "faces": {
        "north": { "uv": [4.5, 10.5, 6.5, 11], "texture": "#0" },
        "east": { "uv": [6, 12.5, 7, 13], "texture": "#0" },
        "south": { "uv": [6.5, 10.5, 8.5, 11], "texture": "#0" },
        "west": { "uv": [7, 12.5, 8, 13], "texture": "#0" },
        "up": { "uv": [2, 9, 0, 8], "texture": "#0" },
        "down": { "uv": [4, 8, 2, 9], "texture": "#0" }
      }
    },
    {
      "from": [17, 19, 7],
      "to": [21, 20, 8],
      "rotation": { "angle": 0, "axis": "z", "origin": [1, 3, 0] },
      "faces": {
        "north": { "uv": [0, 11.5, 1, 12], "texture": "#0" },
        "east": { "uv": [1, 11.5, 2, 12], "texture": "#0" },
        "south": { "uv": [2, 11.5, 3, 12], "texture": "#0" },
        "west": { "uv": [3, 11.5, 4, 12], "texture": "#0" },
        "up": { "uv": [6, 10.5, 5, 9.5], "texture": "#0" },
        "down": { "uv": [3.5, 10, 2.5, 11], "texture": "#0" }
      }
    },
    {
      "from": [18, 20, 7],
      "to": [21, 21, 8],
      "rotation": { "angle": 0, "axis": "z", "origin": [1, 4, 0] },
      "faces": {
        "north": { "uv": [0, 11.5, 1, 12], "texture": "#0" },
        "east": { "uv": [1, 11.5, 2, 12], "texture": "#0" },
        "south": { "uv": [2, 11.5, 3, 12], "texture": "#0" },
        "west": { "uv": [3, 11.5, 4, 12], "texture": "#0" },
        "up": { "uv": [6, 10.5, 5, 9.5], "texture": "#0" },
        "down": { "uv": [3.5, 10, 2.5, 11], "texture": "#0" }
      }
    },
    {
      "from": [8, 2, 7],
      "to": [9, 4, 8],
      "rotation": { "angle": 0, "axis": "z", "origin": [-1, 1, 0] },
      "faces": {
        "north": { "uv": [9, 12.5, 9.5, 13], "texture": "#0" },
        "east": { "uv": [10, 11.5, 11, 12], "texture": "#0" },
        "south": { "uv": [12.5, 9, 13, 9.5], "texture": "#0" },
        "west": { "uv": [11, 11.5, 12, 12], "texture": "#0" },
        "up": { "uv": [0.5, 13, 0, 12], "texture": "#0" },
        "down": { "uv": [1, 12, 0.5, 13], "texture": "#0" }
      }
    },
    {
      "from": [4, -2, 9],
      "to": [5, -1, 11],
      "rotation": { "angle": 45, "axis": "z", "origin": [-5, 7, 15] },
      "faces": {
        "north": { "uv": [8, 12, 9, 12.5], "rotation": 270, "texture": "#0" },
        "east": { "uv": [11, 11, 10, 10], "texture": "#0" },
        "south": { "uv": [9, 12, 10, 12.5], "rotation": 90, "texture": "#0" },
        "west": { "uv": [1, 10.5, 0, 11.5], "rotation": 180, "texture": "#0" },
        "up": { "uv": [12, 7.5, 13, 8], "rotation": 90, "texture": "#0" },
        "down": { "uv": [12, 8.5, 13, 9], "rotation": 90, "texture": "#0" }
      }
    },
    {
      "from": [3, -2, 10],
      "to": [4, -1, 12],
      "rotation": { "angle": 45, "axis": "z", "origin": [-5, 7, 15] },
      "faces": {
        "north": { "uv": [12, 6, 13, 6.5], "rotation": 270, "texture": "#0" },
        "east": { "uv": [7.5, 10, 6, 9], "texture": "#0" },
        "south": { "uv": [12, 6.5, 13, 7], "rotation": 90, "texture": "#0" },
        "west": { "uv": [9, 9, 7.5, 10], "rotation": 180, "texture": "#0" },
        "up": { "uv": [11, 10, 12.5, 10.5], "rotation": 90, "texture": "#0" },
        "down": { "uv": [11, 10.5, 12.5, 11], "rotation": 90, "texture": "#0" }
      }
    },
    {
      "from": [2, -2, 4],
      "to": [3, -1, 11],
      "rotation": { "angle": 45, "axis": "z", "origin": [-5, 7, 16] },
      "faces": {
        "north": { "uv": [12, 5.5, 13, 6], "rotation": 270, "texture": "#0" },
        "east": { "uv": [3.5, 1, 0, 0], "texture": "#0" },
        "south": { "uv": [6, 12, 7, 12.5], "rotation": 90, "texture": "#0" },
        "west": { "uv": [3.5, 1, 0, 2], "rotation": 180, "texture": "#0" },
        "up": { "uv": [4, 8, 7.5, 8.5], "rotation": 90, "texture": "#0" },
        "down": { "uv": [7.5, 8, 11, 8.5], "rotation": 90, "texture": "#0" }
      }
    },
    {
      "from": [1, -2, 5],
      "to": [2, -1, 10],
      "rotation": { "angle": 45, "axis": "z", "origin": [-5, 7, 16] },
      "faces": {
        "north": { "uv": [5, 12, 6, 12.5], "rotation": 270, "texture": "#0" },
        "east": { "uv": [6, 3, 3, 2], "texture": "#0" },
        "south": { "uv": [12, 5, 13, 5.5], "rotation": 90, "texture": "#0" },
        "west": { "uv": [6, 3, 3, 4], "rotation": 180, "texture": "#0" },
        "up": { "uv": [0, 9, 3, 9.5], "rotation": 90, "texture": "#0" },
        "down": { "uv": [3, 9, 6, 9.5], "rotation": 90, "texture": "#0" }
      }
    },
    {
      "from": [4, -2, 4],
      "to": [5, -1, 6],
      "rotation": { "angle": 45, "axis": "z", "origin": [-5, 7, 10] },
      "faces": {
        "north": { "uv": [8, 12, 9, 12.5], "rotation": 270, "texture": "#0" },
        "east": { "uv": [11, 11, 10, 10], "texture": "#0" },
        "south": { "uv": [9, 12, 10, 12.5], "rotation": 90, "texture": "#0" },
        "west": { "uv": [1, 10.5, 0, 11.5], "rotation": 180, "texture": "#0" },
        "up": { "uv": [12, 7.5, 13, 8], "rotation": 90, "texture": "#0" },
        "down": { "uv": [12, 8.5, 13, 9], "rotation": 90, "texture": "#0" }
      }
    },
    {
      "from": [3, -2, 3],
      "to": [4, -1, 5],
      "rotation": { "angle": 45, "axis": "z", "origin": [-5, 7, 8] },
      "faces": {
        "north": { "uv": [12, 6, 13, 6.5], "rotation": 270, "texture": "#0" },
        "east": { "uv": [7.5, 10, 6, 9], "texture": "#0" },
        "south": { "uv": [12, 6.5, 13, 7], "rotation": 90, "texture": "#0" },
        "west": { "uv": [9, 9, 7.5, 10], "rotation": 180, "texture": "#0" },
        "up": { "uv": [11, 10, 12.5, 10.5], "rotation": 90, "texture": "#0" },
        "down": { "uv": [11, 10.5, 12.5, 11], "rotation": 90, "texture": "#0" }
      }
    }
  ],
  "display": {
    "thirdperson_righthand": {
      "rotation": [40, 94, 0],
      "translation": [0, 5.25, 0]
    }
  },
  "groups": [
    {
      "name": "group",
      "origin": [-5, 7, 8],
      "color": 0,
      "children": [
        0, 1, 2, 3, 4, 5, 6, 7, 8, 9, 10, 11, 12, 13, 14, 15, 16, 17, 18, 19,
        20, 21, 22, 23, 24, 25, 26, 27, 28, 29, 30, 31, 32, 33
      ]
    }
  ]
}
