{
  "parent": "item/generated",
  "texture_size": [32, 32],
  "textures": {
    "3": "item/gift_box",
    "particle": "item/gift_box"
  },
  "elements": [
    {
      "name": "gift_box_0",
      "from": [3, 2, 6],
      "to": [6, 16, 9],
      "rotation": { "angle": 0, "axis": "y", "origin": [0, 0, 6] },
      "faces": {
        "north": { "uv": [6, 0, 3, 14], "texture": "#3" },
        "east": { "uv": [5, 0, 6, 14], "texture": "#3" },
        "south": { "uv": [3, 0, 6, 14], "texture": "#3" },
        "west": { "uv": [3, 0, 4, 14], "texture": "#3" },
        "up": { "uv": [3, 0, 6, 1], "texture": "#3" },
        "down": { "uv": [3, 13, 6, 14], "texture": "#3" }
      }
    },
    {
      "name": "gift_box_1",
      "from": [7, 0, 6],
      "to": [9, 16, 9],
      "rotation": { "angle": 0, "axis": "y", "origin": [0, 0, 6] },
      "faces": {
        "north": { "uv": [9, 0, 7, 16], "texture": "#3" },
        "east": { "uv": [8, 0, 9, 16], "texture": "#3" },
        "south": { "uv": [7, 0, 9, 16], "texture": "#3" },
        "west": { "uv": [7, 0, 8, 16], "texture": "#3" },
        "up": { "uv": [7, 0, 9, 1], "texture": "#3" },
        "down": { "uv": [7, 15, 9, 16], "texture": "#3" }
      }
    },
    {
      "name": "gift_box_2",
      "from": [10, 2, 6],
      "to": [13, 16, 9],
      "rotation": { "angle": 0, "axis": "y", "origin": [0, 0, 6] },
      "faces": {
        "north": { "uv": [13, 0, 10, 14], "texture": "#3" },
        "east": { "uv": [12, 0, 13, 14], "texture": "#3" },
        "south": { "uv": [10, 0, 13, 14], "texture": "#3" },
        "west": { "uv": [10, 0, 11, 14], "texture": "#3" },
        "up": { "uv": [10, 0, 13, 1], "texture": "#3" },
        "down": { "uv": [10, 13, 13, 14], "texture": "#3" }
      }
    },
    {
      "name": "gift_box_3",
      "from": [6, 1, 6],
      "to": [7, 15, 9],
      "rotation": { "angle": 0, "axis": "y", "origin": [0, 0, 6] },
      "faces": {
        "north": { "uv": [7, 1, 6, 15], "texture": "#3" },
        "east": { "uv": [6, 1, 7, 15], "texture": "#3" },
        "south": { "uv": [6, 1, 7, 15], "texture": "#3" },
        "west": { "uv": [6, 1, 7, 15], "texture": "#3" },
        "up": { "uv": [6, 1, 7, 2], "texture": "#3" },
        "down": { "uv": [6, 14, 7, 15], "texture": "#3" }
      }
    },
    {
      "name": "gift_box_4",
      "from": [9, 1, 6],
      "to": [10, 15, 9],
      "rotation": { "angle": 0, "axis": "y", "origin": [0, 0, 6] },
      "faces": {
        "north": { "uv": [10, 1, 9, 15], "texture": "#3" },
        "east": { "uv": [9, 1, 10, 15], "texture": "#3" },
        "south": { "uv": [9, 1, 10, 15], "texture": "#3" },
        "west": { "uv": [9, 1, 10, 15], "texture": "#3" },
        "up": { "uv": [9, 1, 10, 2], "texture": "#3" },
        "down": { "uv": [9, 14, 10, 15], "texture": "#3" }
      }
    },
    {
      "name": "gift_box_5",
      "from": [1, 3, 6],
      "to": [3, 13, 9],
      "rotation": { "angle": 0, "axis": "y", "origin": [0, 0, 6] },
      "faces": {
        "north": { "uv": [3, 3, 1, 13], "texture": "#3" },
        "east": { "uv": [2, 3, 3, 13], "texture": "#3" },
        "south": { "uv": [1, 3, 3, 13], "texture": "#3" },
        "west": { "uv": [1, 3, 2, 13], "texture": "#3" },
        "up": { "uv": [1, 3, 3, 4], "texture": "#3" },
        "down": { "uv": [1, 12, 3, 13], "texture": "#3" }
      }
    },
    {
      "name": "gift_box_6",
      "from": [13, 3, 6],
      "to": [15, 13, 9],
      "rotation": { "angle": 0, "axis": "y", "origin": [0, 0, 6] },
      "faces": {
        "north": { "uv": [15, 3, 13, 13], "texture": "#3" },
        "east": { "uv": [14, 3, 15, 13], "texture": "#3" },
        "south": { "uv": [13, 3, 15, 13], "texture": "#3" },
        "west": { "uv": [13, 3, 14, 13], "texture": "#3" },
        "up": { "uv": [13, 3, 15, 4], "texture": "#3" },
        "down": { "uv": [13, 12, 15, 13], "texture": "#3" }
      }
    },
    {
      "name": "gift_box_7",
      "from": [0, 9, 6],
      "to": [1, 12, 9],
      "rotation": { "angle": 0, "axis": "y", "origin": [0, 0, 6] },
      "faces": {
        "north": { "uv": [1, 4, 0, 7], "texture": "#3" },
        "east": { "uv": [0, 4, 1, 7], "texture": "#3" },
        "south": { "uv": [0, 4, 1, 7], "texture": "#3" },
        "west": { "uv": [0, 4, 1, 7], "texture": "#3" },
        "up": { "uv": [0, 4, 1, 5], "texture": "#3" },
        "down": { "uv": [0, 6, 1, 7], "texture": "#3" }
      }
    },
    {
      "name": "gift_box_8",
      "from": [15, 9, 6],
      "to": [16, 12, 9],
      "rotation": { "angle": 0, "axis": "y", "origin": [0, 0, 6] },
      "faces": {
        "north": { "uv": [16, 4, 15, 7], "texture": "#3" },
        "east": { "uv": [15, 4, 16, 7], "texture": "#3" },
        "south": { "uv": [15, 4, 16, 7], "texture": "#3" },
        "west": { "uv": [15, 4, 16, 7], "texture": "#3" },
        "up": { "uv": [15, 4, 16, 5], "texture": "#3" },
        "down": { "uv": [15, 6, 16, 7], "texture": "#3" }
      }
    },
    {
      "name": "gift_box_9",
      "from": [5, 1, 6],
      "to": [6, 2, 9],
      "rotation": { "angle": 0, "axis": "y", "origin": [0, 0, 6] },
      "faces": {
        "north": { "uv": [6, 14, 5, 15], "texture": "#3" },
        "east": { "uv": [5, 14, 6, 15], "texture": "#3" },
        "south": { "uv": [5, 14, 6, 15], "texture": "#3" },
        "west": { "uv": [5, 14, 6, 15], "texture": "#3" },
        "up": { "uv": [5, 14, 6, 15], "texture": "#3" },
        "down": { "uv": [5, 14, 6, 15], "texture": "#3" }
      }
    },
    {
      "name": "gift_box_10",
      "from": [10, 1, 6],
      "to": [11, 2, 9],
      "rotation": { "angle": 0, "axis": "y", "origin": [0, 0, 6] },
      "faces": {
        "north": { "uv": [11, 14, 10, 15], "texture": "#3" },
        "east": { "uv": [10, 14, 11, 15], "texture": "#3" },
        "south": { "uv": [10, 14, 11, 15], "texture": "#3" },
        "west": { "uv": [10, 14, 11, 15], "texture": "#3" },
        "up": { "uv": [10, 14, 11, 15], "texture": "#3" },
        "down": { "uv": [10, 14, 11, 15], "texture": "#3" }
      }
    }
  ],
  "display": {
    "thirdperson_righthand": {
      "translation": [0, 4, 0],
      "scale": [0.75, 0.75, 0.75]
    },
    "thirdperson_lefthand": {
      "translation": [0, 3.25, 0],
      "scale": [0.75, 0.75, 0.75]
    },
    "firstperson_righthand": {
      "translation": [0, 1.75, 0],
      "scale": [0.75, 0.75, 0.75]
    },
    "firstperson_lefthand": {
      "translation": [0, 1.75, 0]
    },
    "gui": {
      "scale": [0.75, 0.75, 0.75]
    }
  },
  "groups": [
    {
      "name": "gift_box",
      "origin": [8, 8, 8],
      "color": 0,
      "children": [0, 1, 2, 3, 4, 5, 6, 7, 8, 9, 10]
    }
  ]
}
