{
  "parent": "item/generated",
  "texture_size": [32, 32],
  "textures": {
    "0": "item/gift_box_red",
    "particle": "item/gift_box_red"
  },
  "elements": [
    {
      "from": [3, 0, 3],
      "to": [13, 7, 13],
      "shade": false,
      "rotation": { "angle": 0, "axis": "y", "origin": [8, 0, 8] },
      "faces": {
        "north": { "uv": [11, 0, 16, 3.5], "texture": "#0", "tintindex": 0 },
        "east": { "uv": [11, 0, 16, 3.5], "texture": "#0", "tintindex": 0 },
        "south": { "uv": [11, 0, 16, 3.5], "texture": "#0", "tintindex": 0 },
        "west": { "uv": [11, 0, 16, 3.5], "texture": "#0", "tintindex": 0 },
        "down": { "uv": [6, 0, 11, 5], "texture": "#0", "tintindex": 0 }
      }
    },
    {
      "from": [2, 7, 2],
      "to": [14, 10, 14],
      "shade": false,
      "rotation": { "angle": 0, "axis": "y", "origin": [8, 7, 8] },
      "faces": {
        "north": { "uv": [0, 12, 6, 13.5], "texture": "#0" },
        "east": { "uv": [0, 12, 6, 13.5], "texture": "#0" },
        "south": { "uv": [0, 12, 6, 13.5], "texture": "#0" },
        "west": { "uv": [0, 12, 6, 13.5], "texture": "#0" },
        "up": { "uv": [0, 0, 6, 6], "texture": "#0" },
        "down": { "uv": [0, 6, 6, 12], "texture": "#0" }
      }
    },
    {
      "from": [8, 10, 2],
      "to": [8, 18, 14],
      "shade": false,
      "rotation": { "angle": 45, "axis": "y", "origin": [8, 10, 8] },
      "faces": {
        "east": { "uv": [6.5, 5.5, 12.5, 9.5], "texture": "#0" },
        "west": { "uv": [6.5, 5.5, 12.5, 9.5], "texture": "#0" }
      }
    },
    {
      "from": [2, 10, 8],
      "to": [14, 18, 8],
      "shade": false,
      "rotation": { "angle": 45, "axis": "y", "origin": [8, 10, 8] },
      "faces": {
        "north": { "uv": [6.5, 5.5, 12.5, 9.5], "texture": "#0" },
        "south": { "uv": [6.5, 5.5, 12.5, 9.5], "texture": "#0" }
      }
    }
  ],
  "display": {
    "thirdperson_righthand": {
      "rotation": [75, 45, 0],
      "translation": [0, 2.5, 0],
      "scale": [0.575, 0.575, 0.575]
    },
    "thirdperson_lefthand": {
      "rotation": [75, 45, 0],
      "translation": [0, 2.5, 0],
      "scale": [0.575, 0.575, 0.575]
    },
    "firstperson_righthand": {
      "rotation": [0, 45, 0],
      "translation": [0, 1.5, -1],
      "scale": [0.4, 0.4, 0.4]
    },
    "firstperson_lefthand": {
      "rotation": [0, 225, 0],
      "translation": [0, 1.5, -1.25],
      "scale": [0.4, 0.4, 0.4]
    },
    "ground": {
      "translation": [0, 3, 0],
      "scale": [0.55, 0.55, 0.55]
    },
    "gui": {
      "rotation": [30, 225, 0],
      "scale": [0.625, 0.625, 0.625]
    },
    "head": {
      "translation": [0, 14, 0]
    },
    "fixed": {
      "rotation": [2.25, 0, 0],
      "translation": [0, 0, -6.25]
    }
  },
  "groups": [
    {
      "name": "group",
      "origin": [0, 0, 0],
      "color": 0,
      "shade": false,
      "children": [0, 1, 2, 3]
    }
  ],
  "mcmodels": "51288fdd5ce262f69b3cf4d194825e2b"
}
