{
  "parent": "item/generated",
  "texture_size": [32, 32],
  "textures": {
    "0": "item/idol_mic",
    "particle": "item/dol_mic"
  },
  "elements": [
    {
      "from": [7, 0, 7],
      "to": [9, 5, 9],
      "faces": {
        "north": { "uv": [6, 10, 7.5, 10.5], "texture": "#0" },
        "east": { "uv": [11, 0.5, 12, 1], "texture": "#0" },
        "south": { "uv": [7.5, 10, 9, 10.5], "texture": "#0" },
        "west": { "uv": [11, 1, 12, 1.5], "texture": "#0" },
        "up": { "uv": [9, 6, 7.5, 5], "texture": "#0" },
        "down": { "uv": [1.5, 8, 0, 9], "texture": "#0" }
      }
    },
    {
      "from": [7, 12, 7],
      "to": [9, 13, 9],
      "rotation": { "angle": 0, "axis": "y", "origin": [-4, 2, 0] },
      "faces": {
        "north": { "uv": [0, 9, 2.5, 9.5], "texture": "#0" },
        "east": { "uv": [4.5, 11, 5.5, 11.5], "texture": "#0" },
        "south": { "uv": [2.5, 9, 5, 9.5], "texture": "#0" },
        "west": { "uv": [11, 4.5, 12, 5], "texture": "#0" },
        "up": { "uv": [2.5, 6, 0, 5], "texture": "#0" },
        "down": { "uv": [5, 5, 2.5, 6], "texture": "#0" }
      }
    },
    {
      "from": [10, 6, 7],
      "to": [11, 7, 9],
      "rotation": { "angle": 0, "axis": "y", "origin": [3, 4, 0] },
      "faces": {
        "north": { "uv": [0, 10, 2, 10.5], "texture": "#0" },
        "east": { "uv": [11.5, 5.5, 12.5, 6], "texture": "#0" },
        "south": { "uv": [10, 0, 12, 0.5], "texture": "#0" },
        "west": { "uv": [6, 11.5, 7, 12], "texture": "#0" },
        "up": { "uv": [2, 8, 0, 7], "texture": "#0" },
        "down": { "uv": [4, 7, 2, 8], "texture": "#0" }
      }
    },
    {
      "from": [6, 7, 5],
      "to": [7, 10, 11],
      "rotation": { "angle": 0, "axis": "y", "origin": [-3, 1, 0] },
      "faces": {
        "north": { "uv": [9, 5.5, 11.5, 6], "texture": "#0" },
        "east": { "uv": [11, 11.5, 12, 12], "texture": "#0" },
        "south": { "uv": [7.5, 9, 10, 9.5], "texture": "#0" },
        "west": { "uv": [11.5, 11, 12.5, 11.5], "texture": "#0" },
        "up": { "uv": [2.5, 7, 0, 6], "texture": "#0" },
        "down": { "uv": [8.5, 0, 6, 1], "texture": "#0" }
      }
    },
    {
      "from": [0, 4, 7],
      "to": [10, 4, 7],
      "rotation": { "angle": 0, "axis": "y", "origin": [0, 1, 0] },
      "faces": {
        "north": { "uv": [0, 0, 5, 0], "texture": "#0" },
        "east": { "uv": [0, 0, 0, 0], "texture": "#0" },
        "south": { "uv": [0, 0, 5, 0], "texture": "#0" },
        "west": { "uv": [0, 0, 0, 0], "texture": "#0" },
        "up": { "uv": [5, 0, 0, 0], "texture": "#0" },
        "down": { "uv": [5, 0, 0, 0], "texture": "#0" }
      }
    },
    {
      "from": [6, 10, 7],
      "to": [10, 10, 9],
      "rotation": { "angle": 0, "axis": "y", "origin": [0, 9, 0] },
      "faces": {
        "north": { "uv": [1.5, 10.5, 3, 11], "texture": "#0" },
        "east": { "uv": [7, 8.5, 7.5, 9], "texture": "#0" },
        "south": { "uv": [3, 10.5, 4.5, 11], "texture": "#0" },
        "west": { "uv": [12, 1, 12.5, 1.5], "texture": "#0" },
        "up": { "uv": [6, 11, 4.5, 10.5], "texture": "#0" },
        "down": { "uv": [7.5, 10.5, 6, 11], "texture": "#0" }
      }
    },
    {
      "from": [5, 6, 7],
      "to": [6, 7, 9],
      "rotation": { "angle": 0, "axis": "y", "origin": [0, 5, 0] },
      "faces": {
        "north": { "uv": [1.5, 10.5, 3, 11], "texture": "#0" },
        "east": { "uv": [7, 8.5, 7.5, 9], "texture": "#0" },
        "south": { "uv": [3, 10.5, 4.5, 11], "texture": "#0" },
        "west": { "uv": [12, 1, 12.5, 1.5], "texture": "#0" },
        "up": { "uv": [6, 11, 4.5, 10.5], "texture": "#0" },
        "down": { "uv": [7.5, 10.5, 6, 11], "texture": "#0" }
      }
    },
    {
      "from": [10, 7, 6],
      "to": [11, 10, 10],
      "rotation": { "angle": 0, "axis": "y", "origin": [4, 5, -1] },
      "faces": {
        "north": { "uv": [4.5, 8, 7.5, 8.5], "texture": "#0" },
        "east": { "uv": [3, 11.5, 4, 12], "texture": "#0" },
        "south": { "uv": [8, 7, 11, 7.5], "texture": "#0" },
        "west": { "uv": [4, 11.5, 5, 12], "texture": "#0" },
        "up": { "uv": [6, 3, 3, 2], "texture": "#0" },
        "down": { "uv": [6, 3, 3, 4], "texture": "#0" }
      }
    },
    {
      "from": [7, 5, 6],
      "to": [9, 7, 7],
      "rotation": { "angle": 0, "axis": "y", "origin": [0, 1, 0] },
      "faces": {
        "north": { "uv": [8, 3, 10.25, 3.5], "texture": "#0" },
        "east": { "uv": [11.25, 11, 11.5, 11.5], "texture": "#0" },
        "south": { "uv": [8.75, 3.5, 11, 4], "texture": "#0" },
        "west": { "uv": [0, 11.5, 0.25, 12], "texture": "#0" },
        "up": { "uv": [2.25, 3, 0, 2.75], "texture": "#0" },
        "down": { "uv": [2.25, 3.75, 0, 4], "texture": "#0" }
      }
    },
    {
      "from": [9, 5, 7],
      "to": [10, 7, 9],
      "rotation": { "angle": 0, "axis": "y", "origin": [0, 1, 0] },
      "faces": {
        "north": { "uv": [8, 3, 8.75, 3.5], "texture": "#0" },
        "east": { "uv": [10.75, 11, 11.25, 11.5], "texture": "#0" },
        "south": { "uv": [10.25, 3.5, 11, 4], "texture": "#0" },
        "west": { "uv": [0.25, 11.5, 0.75, 12], "texture": "#0" },
        "up": { "uv": [0.75, 2.75, 0, 2.25], "texture": "#0" },
        "down": { "uv": [0.75, 3.25, 0, 3.75], "texture": "#0" }
      }
    },
    {
      "from": [9, 7, 5],
      "to": [10, 10, 11],
      "rotation": { "angle": 0, "axis": "y", "origin": [4, 1, 0] },
      "faces": {
        "north": { "uv": [10, 9.5, 11.5, 10], "texture": "#0" },
        "east": { "uv": [5, 11.5, 6, 12], "texture": "#0" },
        "south": { "uv": [0, 10.5, 1.5, 11], "texture": "#0" },
        "west": { "uv": [11.5, 5, 12.5, 5.5], "texture": "#0" },
        "up": { "uv": [9, 9, 7.5, 8], "texture": "#0" },
        "down": { "uv": [10, 0, 8.5, 1], "texture": "#0" }
      }
    },
    {
      "from": [7, 5, 7],
      "to": [9, 10, 10],
      "rotation": { "angle": 0, "axis": "y", "origin": [0, 1, 0] },
      "faces": {
        "north": { "uv": [8.75, 3, 10.25, 3.5], "texture": "#0" },
        "east": { "uv": [10.5, 11, 11.25, 11.5], "texture": "#0" },
        "south": { "uv": [8.75, 3.5, 10.25, 4], "texture": "#0" },
        "west": { "uv": [0.25, 11.5, 1, 12], "texture": "#0" },
        "up": { "uv": [2.25, 2.75, 0.75, 2], "texture": "#0" },
        "down": { "uv": [2.25, 3, 0.75, 3.75], "texture": "#0" }
      }
    },
    {
      "from": [7, 7, 5],
      "to": [8, 10, 11],
      "rotation": { "angle": 0, "axis": "y", "origin": [-1, 3, 0] },
      "faces": {
        "north": { "uv": [6, 9.5, 8, 10], "texture": "#0" },
        "east": { "uv": [1, 11.5, 2, 12], "texture": "#0" },
        "south": { "uv": [8, 9.5, 10, 10], "texture": "#0" },
        "west": { "uv": [2, 11.5, 3, 12], "texture": "#0" },
        "up": { "uv": [6.5, 7, 4.5, 6], "texture": "#0" },
        "down": { "uv": [8.5, 6, 6.5, 7], "texture": "#0" }
      }
    },
    {
      "from": [6, 5, 7],
      "to": [7, 7, 9],
      "rotation": { "angle": 0, "axis": "y", "origin": [0, 1, 0] },
      "faces": {
        "north": { "uv": [10.25, 3, 11, 3.5], "texture": "#0" },
        "east": { "uv": [10.75, 11, 11.25, 11.5], "texture": "#0" },
        "south": { "uv": [8, 3.5, 8.75, 4], "texture": "#0" },
        "west": { "uv": [0.25, 11.5, 0.75, 12], "texture": "#0" },
        "up": { "uv": [3, 2.75, 2.25, 2.25], "texture": "#0" },
        "down": { "uv": [3, 3.25, 2.25, 3.75], "texture": "#0" }
      }
    },
    {
      "from": [8, 7, 5],
      "to": [9, 10, 11],
      "rotation": { "angle": 0, "axis": "y", "origin": [1, 1, 0] },
      "faces": {
        "north": { "uv": [10.5, 10.5, 12, 11], "texture": "#0" },
        "east": { "uv": [0, 12, 1, 12.5], "texture": "#0" },
        "south": { "uv": [0, 11, 1.5, 11.5], "texture": "#0" },
        "west": { "uv": [12, 0, 13, 0.5], "texture": "#0" },
        "up": { "uv": [10, 2, 8.5, 1], "texture": "#0" },
        "down": { "uv": [10, 2, 8.5, 3], "texture": "#0" }
      }
    },
    {
      "from": [6, 7, 6],
      "to": [6, 10, 11],
      "rotation": { "angle": 0, "axis": "y", "origin": [1, 1, 0] },
      "faces": {
        "north": { "uv": [7.5, 4, 11, 4.5], "texture": "#0" },
        "east": { "uv": [8.5, 11, 9.5, 11.5], "texture": "#0" },
        "south": { "uv": [7.5, 4.5, 11, 5], "texture": "#0" },
        "west": { "uv": [9.5, 11, 10.5, 11.5], "texture": "#0" },
        "up": { "uv": [3.5, 1, 0, 0], "texture": "#0" },
        "down": { "uv": [3.5, 1, 0, 2], "texture": "#0" }
      }
    },
    {
      "from": [6, 10, 6],
      "to": [10, 12, 10],
      "rotation": { "angle": 0, "axis": "y", "origin": [-3, 1, 0] },
      "faces": {
        "north": { "uv": [5, 9, 7.5, 9.5], "texture": "#0" },
        "east": { "uv": [5.5, 11, 6.5, 11.5], "texture": "#0" },
        "south": { "uv": [9, 5, 11.5, 5.5], "texture": "#0" },
        "west": { "uv": [11, 6, 12, 6.5], "texture": "#0" },
        "up": { "uv": [7.5, 5, 5, 4], "texture": "#0" },
        "down": { "uv": [7.5, 5, 5, 6], "texture": "#0" }
      }
    },
    {
      "from": [5, 7, 6],
      "to": [6, 10, 10],
      "rotation": { "angle": 0, "axis": "y", "origin": [-1, 5, -1] },
      "faces": {
        "north": { "uv": [4.5, 8, 7.5, 8.5], "texture": "#0" },
        "east": { "uv": [3, 11.5, 4, 12], "texture": "#0" },
        "south": { "uv": [8, 7, 11, 7.5], "texture": "#0" },
        "west": { "uv": [4, 11.5, 5, 12], "texture": "#0" },
        "up": { "uv": [6, 3, 3, 2], "texture": "#0" },
        "down": { "uv": [6, 3, 3, 4], "texture": "#0" }
      }
    }
  ],
  "display": {
    "thirdperson_righthand": {
      "rotation": [-28, 90, 30],
      "translation": [0, 7, 1]
    },
    "thirdperson_lefthand": {
      "translation": [0, 5.5, 0]
    },
    "firstperson_righthand": {
      "translation": [-0.5, 3.5, 0]
    },
    "firstperson_lefthand": {
      "translation": [-0.25, 2.5, 0]
    },
    "ground": {
      "rotation": [25, 0, 0],
      "translation": [0, 2, 0]
    },
    "gui": {
      "rotation": [0, 0, 35]
    }
  },
  "groups": [
    {
      "name": "wooden_sword",
      "origin": [8, 8, 8],
      "color": 0,
      "children": []
    },
    0,
    1,
    2,
    3,
    4,
    5,
    6,
    7,
    8,
    9,
    10,
    11,
    12,
    13,
    14,
    15,
    16,
    17
  ]
}
