{
  "model": {
    "type": "select",
    "property": "custom_model_data",
    "fallback": {
      "type": "model",
      "model": "item/written_book"
    },
    "cases": [
      {
        "when": "riko_invite",
        "model": {
          "type": "model",
          "model": "item/riko_invite"
        }
      },
      {
        "when": "riko_invite_new",
        "model": {
          "type": "model",
          "model": "item/riko_invite_new"
        }
      },
      {
        "when": "riko_guidebook",
        "model": {
          "type": "model",
          "model": "item/riko_guidebook"
        }
      }
    ]
  }
}
